,type,id,username,text,url,epoch,media,retweetedTweet,retweetedTweetID,retweetedUserID,id_str,lang,rawContent,replyCount,retweetCount,likeCount,quoteCount,conversationId,conversationIdStr,hashtags,mentionedUsers,links,viewCount,quotedTweet,in_reply_to_screen_name,in_reply_to_status_id_str,in_reply_to_user_id_str,location,cash_app_handle,user,0,date
0,tweet-,1.8262376050690703e+18,TheRealMrBigly,Just look RFK is trending higher than Donald Trump. Poor guy loves his attention. Have a great hump day and vote blue up and down the ballot in every election this year !! Now is not the time to return to the Trump Shit Show. DonOld is to old to be president.  #trumpisdone,https://twitter.com/TheRealMrBigly/status/1826237605069070701,1724243949.0,[],False,,,1.8262376050690703e+18,en,Just look RFK is trending higher than Donald Trump. Poor guy loves his attention. Have a great hump day and vote blue up and down the ballot in every election this year !! Now is not the time to return to the Trump Shit Show. DonOld is to old to be president.  #trumpisdone,0.0,0.0,1.0,0.0,1.8262376050690703e+18,1.8262376050690703e+18,"[{'indices': [261, 273], 'text': 'trumpisdone'}]",[],[],"{'count': '41', 'state': 'EnabledWithCount'}",False,,,,,,"{'id': 810839799418470400, 'id_str': '810839799418470400', 'url': 'https://twitter.com/Gregory Krawczak', 'username': 'Gregory Krawczak', 'rawDescription': 'Fair Is Fair, All Sports lover but youth sports rule. Proud American and Grandpa', 'created': datetime.datetime(2016, 12, 19, 13, 30, 47, tzinfo=datetime.timezone.utc), 'followersCount': 38, 'friendsCount': 26, 'statusesCount': 4512, 'favouritesCount': 257, 'listedCount': 1, 'mediaCount': 629, 'location': '', 'profileImageUrl': 'https://pbs.twimg.com/profile_images/1529882608150138884/DDLRoh7p_normal.jpg', 'profileBannerUrl': 'PW', 'protected': 'PW', 'verified': False, 'blue': False, 'blueType': None, 'descriptionLinks': ['PW'], '_type': 'PW'}",,2024-08-21
1,tweet-,1.826237604905509e+18,TwetchSucks,@MarioNawfal Thats a dude for sure!  Why are the lefts families fucking pieces of trash?  Lock um all up in camps i say!!! #Trump2024,https://twitter.com/TwetchSucks/status/1826237604905509343,1724243949.0,[],False,,,1.826237604905509e+18,en,@MarioNawfal Thats a dude for sure!  Why are the lefts families fucking pieces of trash?  Lock um all up in camps i say!!! #Trump2024,1.0,0.0,0.0,0.0,1.826224031919735e+18,1.826224031919735e+18,"[{'indices': [123, 133], 'text': 'Trump2024'}]","[{'id_str': '1319287761048723458', 'name': 'Mario Nawfal', 'screen_name': 'MarioNawfal', 'indices': [0, 12]}]",[],"{'count': '9', 'state': 'EnabledWithCount'}",False,MarioNawfal,1.826224031919736e+18,1.3192877610487237e+18,,,"{'id': 1709181598011199488, 'id_str': '1709181598011199488', 'url': 'https://twitter.com/LIFELONG DEM FOR TRUMP', 'username': 'LIFELONG DEM FOR TRUMP', 'rawDescription': 'life long dem now voting for #Trump2024 and cannot wait until the other brain dead dems are thrown into camps I highly enjoy ruffling peoples feathers on here', 'created': datetime.datetime(2023, 10, 3, 12, 20, 43, tzinfo=datetime.timezone.utc), 'followersCount': 320, 'friendsCount': 1125, 'statusesCount': 4105, 'favouritesCount': 2648, 'listedCount': 6, 'mediaCount': 398, 'location': '', 'profileImageUrl': 'https://pbs.twimg.com/profile_images/1709184639074467840/rXe04jY5_normal.jpg', 'profileBannerUrl': 'PW', 'protected': 'PW', 'verified': False, 'blue': False, 'blueType': None, 'descriptionLinks': ['PW'], '_type': 'PW'}",,2024-08-21
2,tweet-,1.8262376037814725e+18,annabosch,"2. El 1er d√≠a de Convenci√≥n le toc√≥ a Joe Biden pasar el testigo como candidato a presidente, y a Hillary Clinton, el mazo para que Kamala Harris rompa el dichoso techo de cristal pol√≠tico que en Estados Unidos ella, y otras antes, agrietaron:
https://t.co/KSNGQ1saBY",https://twitter.com/annabosch/status/1826237603781472324,1724243949.0,[],False,,,1.8262376037814725e+18,es,"2. El 1er d√≠a de Convenci√≥n le toc√≥ a Joe Biden pasar el testigo como candidato a presidente, y a Hillary Clinton, el mazo para que Kamala Harris rompa el dichoso techo de cristal pol√≠tico que en Estados Unidos ella, y otras antes, agrietaron:
https://t.co/KSNGQ1saBY",1.0,2.0,13.0,0.0,1.826237601336226e+18,1.826237601336226e+18,[],[],"[{'display_url': 'youtube.com/watch?v=uG6aIR‚Ä¶', 'expanded_url': 'https://www.youtube.com/watch?v=uG6aIR5LvWM', 'url': 'https://t.co/KSNGQ1saBY', 'indices': [244, 267]}]","{'count': '2484', 'state': 'EnabledWithCount'}",False,annabosch,1.826237601336226e+18,16435631.0,,,"{'id': 16435631, 'id_str': '16435631', 'url': 'https://twitter.com/Anna Bosch', 'username': 'Anna Bosch', 'rawDescription': 'Barcelona, Madrid, Lyon, –ú–æ—Å–∫–≤–∞, Washington, London.\nEl a√±o que lleg√≥ Putin (Libros Catarata)\nig @laboschb TkTk: @la.bosch', 'created': datetime.datetime(2008, 9, 24, 15, 15, 49, tzinfo=datetime.timezone.utc), 'followersCount': 75978, 'friendsCount': 2000, 'statusesCount': 70565, 'favouritesCount': 44297, 'listedCount': 1684, 'mediaCount': 3801, 'location': 'Spain', 'profileImageUrl': 'https://pbs.twimg.com/profile_images/1703518922626981888/veSn4sqY_normal.jpg', 'profileBannerUrl': 'PW', 'protected': 'PW', 'verified': False, 'blue': False, 'blueType': None, 'descriptionLinks': ['PW'], '_type': 'PW'}",,2024-08-21
3,tweet-,1.8262376032445972e+18,BKbrgr,"@GOP Racist saying then, racist saying now",https://twitter.com/BKbrgr/status/1826237603244597648,1724243949.0,[],False,,,1.8262376032445972e+18,en,"@GOP Racist saying then, racist saying now",0.0,0.0,0.0,0.0,1.8262239785175168e+18,1.8262239785175168e+18,[],"[{'id_str': '11134252', 'name': 'GOP', 'screen_name': 'GOP', 'indices': [0, 4]}]",[],"{'count': '6', 'state': 'EnabledWithCount'}",False,GOP,1.8262239785175168e+18,11134252.0,,,"{'id': 1325611309703057410, 'id_str': '1325611309703057410', 'url': 'https://twitter.com/Bribri', 'username': 'Bribri', 'rawDescription': '', 'created': datetime.datetime(2020, 11, 9, 1, 29, 29, tzinfo=datetime.timezone.utc), 'followersCount': 250, 'friendsCount': 814, 'statusesCount': 4369, 'favouritesCount': 57311, 'listedCount': 0, 'mediaCount': 109, 'location': '', 'profileImageUrl': 'https://pbs.twimg.com/profile_images/1518285833589112834/avX6XTB__normal.jpg', 'profileBannerUrl': 'PW', 'protected': 'PW', 'verified': False, 'blue': False, 'blueType': None, 'descriptionLinks': ['PW'], '_type': 'PW'}",,2024-08-21
4,tweet-,1.826237602913223e+18,J04300521,@Bundeskanzler Du verschwendest UNSER Geld. Nicht deines. Du bist UNSER Angestellter. Und die meisten deutschen sind mittlerweile gegen diese Hilfen. Neben Biden bist du gestanden wie ein kleines Kind als er sagte er werde Nordstream stoppen. Sch√§m dich !,https://twitter.com/J04300521/status/1826237602913222907,1724243949.0,[],False,,,1.826237602913223e+18,de,@Bundeskanzler Du verschwendest UNSER Geld. Nicht deines. Du bist UNSER Angestellter. Und die meisten deutschen sind mittlerweile gegen diese Hilfen. Neben Biden bist du gestanden wie ein kleines Kind als er sagte er werde Nordstream stoppen. Sch√§m dich !,0.0,0.0,0.0,0.0,1.8255592164904184e+18,1.8255592164904184e+18,[],"[{'id_str': '1489164711652466688', 'name': 'Bundeskanzler Olaf Scholz', 'screen_name': 'Bundeskanzler', 'indices': [0, 14]}]",[],"{'count': '7', 'state': 'EnabledWithCount'}",False,Bundeskanzler,1.8255592164904184e+18,1.4891647116524667e+18,,,"{'id': 1508817002261008386, 'id_str': '1508817002261008386', 'url': 'https://twitter.com/J', 'username': 'J', 'rawDescription': 'Wasserwerferfahrer zu sein birgt einen hohes Ma√ü an Verantwortung! \nMacht aber richtig Spa√ü.', 'created': datetime.datetime(2022, 3, 29, 14, 43, 25, tzinfo=datetime.timezone.utc), 'followersCount': 148, 'friendsCount': 73, 'statusesCount': 1508, 'favouritesCount': 1887, 'listedCount': 0, 'mediaCount': 32, 'location': 'Berlin ', 'profileImageUrl': 'https://pbs.twimg.com/profile_images/1565687474801807360/s0ZS8U2Z_normal.jpg', 'profileBannerUrl': 'PW', 'protected': 'PW', 'verified': False, 'blue': False, 'blueType': None, 'descriptionLinks': ['PW'], '_type': 'PW'}",,2024-08-21
5,tweet-,1.8262376028668728e+18,UltraMaga46,Pay attention to what is being done to our grandchildren and beyond! Our interest on debt NOW is unsustainable‚Ä¶. https://t.co/2cPbvFxlgJ,https://twitter.com/UltraMaga46/status/1826237602866872570,1724243949.0,"[{'display_url': 'pic.x.com/2cPbvFxlgJ', 'expanded_url': 'https://x.com/UltraMaga46/status/1826237602866872570/photo/1', 'id_str': '1826237598408269824', 'indices': [113, 136], 'media_key': '3_1826237598408269824', 'media_url_https': 'https://pbs.twimg.com/media/GVgZa4CWYAASLPJ.jpg', 'type': 'photo', 'url': 'https://t.co/2cPbvFxlgJ', 'ext_media_availability': {'status': 'Available'}, 'features': {'large': {'faces': []}, 'medium': {'faces': []}, 'small': {'faces': []}, 'orig': {'faces': []}}, 'sizes': {'large': {'h': 767, 'w': 1846, 'resize': 'fit'}, 'medium': {'h': 499, 'w': 1200, 'resize': 'fit'}, 'small': {'h': 283, 'w': 680, 'resize': 'fit'}, 'thumb': {'h': 150, 'w': 150, 'resize': 'crop'}}, 'original_info': {'height': 767, 'width': 1846, 'focus_rects': [{'x': 191, 'y': 0, 'w': 1370, 'h': 767}, {'x': 493, 'y': 0, 'w': 767, 'h': 767}, {'x': 540, 'y': 0, 'w': 673, 'h': 767}, {'x': 684, 'y': 0, 'w': 384, 'h': 767}, {'x': 0, 'y': 0, 'w': 1846, 'h': 767}]}, 'media_results': {'result': {'media_key': '3_1826237598408269824'}}}]",False,,,1.8262376028668728e+18,en,Pay attention to what is being done to our grandchildren and beyond! Our interest on debt NOW is unsustainable‚Ä¶. https://t.co/2cPbvFxlgJ,0.0,0.0,0.0,0.0,1.8262376028668728e+18,1.8262376028668728e+18,[],[],[],"{'count': '4', 'state': 'EnabledWithCount'}",False,,,,,,"{'id': 1520406950160343040, 'id_str': '1520406950160343040', 'url': 'https://twitter.com/Existential Grandma #God #Family #Country', 'username': 'Existential Grandma #God #Family #Country', 'rawDescription': '', 'created': datetime.datetime(2022, 4, 30, 14, 17, 32, tzinfo=datetime.timezone.utc), 'followersCount': 196, 'friendsCount': 228, 'statusesCount': 13292, 'favouritesCount': 8327, 'listedCount': 0, 'mediaCount': 1783, 'location': '', 'profileImageUrl': 'https://pbs.twimg.com/profile_images/1522348101390024705/UFTliq1I_normal.jpg', 'profileBannerUrl': 'PW', 'protected': 'PW', 'verified': False, 'blue': False, 'blueType': None, 'descriptionLinks': ['PW'], '_type': 'PW'}",,2024-08-21
6,tweet-,1.8262376027790167e+18,GailExpert,"@catturd2 And they earned every cent through hard work.   

We love the American way‚Ä¶success!

We love that anyone can climb the ladder of such success‚Ä¶..

MAGA only wants the rich to be richer.   
And the suckers in middle are brainwashed to enable it",https://twitter.com/GailExpert/status/1826237602779017299,1724243949.0,[],False,,,1.8262376027790167e+18,en,"@catturd2 And they earned every cent through hard work.   

We love the American way‚Ä¶success!

We love that anyone can climb the ladder of such success‚Ä¶..

MAGA only wants the rich to be richer.   
And the suckers in middle are brainwashed to enable it",0.0,0.0,0.0,0.0,1.8260937863105823e+18,1.8260937863105823e+18,[],"[{'id_str': '1043185714437992449', 'name': 'Catturd ‚Ñ¢', 'screen_name': 'catturd2', 'indices': [0, 9]}]",[],"{'count': '4', 'state': 'EnabledWithCount'}",False,catturd2,1.8260937863105823e+18,1.0431857144379924e+18,,,"{'id': 1335984097752207360, 'id_str': '1335984097752207360', 'url': 'https://twitter.com/Gail D Cornbread Expertüá∫üá∏ü¶Ö', 'username': 'Gail D Cornbread Expertüá∫üá∏ü¶Ö', 'rawDescription': 'Most problems might be solved by warm cornbread and sweet tea served on a screened porch‚Ä¶.', 'created': datetime.datetime(2020, 12, 7, 16, 28, 33, tzinfo=datetime.timezone.utc), 'followersCount': 200, 'friendsCount': 306, 'statusesCount': 19425, 'favouritesCount': 7669, 'listedCount': 1, 'mediaCount': 762, 'location': '', 'profileImageUrl': 'https://pbs.twimg.com/profile_images/1335984687148388352/Dj527-eC_normal.jpg', 'profileBannerUrl': 'PW', 'protected': 'PW', 'verified': False, 'blue': False, 'blueType': None, 'descriptionLinks': ['PW'], '_type': 'PW'}",,2024-08-21
7,tweet-,1.8262376027497103e+18,LSU_PI,@Hoosiers1986 @catturd2 Last one in the room to approve of Afghanistan withdrawal running out on thousands allies recruited by the USA! Biden should have been immediately impeached! Harris was arm candy with sore knees blackmailing for democrat votes California politicians!,https://twitter.com/LSU_PI/status/1826237602749710572,1724243949.0,[],False,,,1.8262376027497103e+18,en,@Hoosiers1986 @catturd2 Last one in the room to approve of Afghanistan withdrawal running out on thousands allies recruited by the USA! Biden should have been immediately impeached! Harris was arm candy with sore knees blackmailing for democrat votes California politicians!,1.0,0.0,0.0,0.0,1.8260744237258225e+18,1.8260744237258225e+18,[],"[{'id_str': '36715753', 'name': 'Bradley Scott üôèüá∫üá∏', 'screen_name': 'Hoosiers1986', 'indices': [0, 13]}, {'id_str': '1043185714437992449', 'name': 'Catturd ‚Ñ¢', 'screen_name': 'catturd2', 'indices': [14, 23]}]",[],"{'count': '88', 'state': 'EnabledWithCount'}",False,Hoosiers1986,1.8260755862485568e+18,36715753.0,,,"{'id': 412694263, 'id_str': '412694263', 'url': 'https://twitter.com/LSU-Pi', 'username': 'LSU-Pi', 'rawDescription': 'Conservative from the south, love my country and will defend it!', 'created': datetime.datetime(2011, 11, 15, 1, 28, 51, tzinfo=datetime.timezone.utc), 'followersCount': 503, 'friendsCount': 555, 'statusesCount': 29522, 'favouritesCount': 4827, 'listedCount': 13, 'mediaCount': 56, 'location': 'Ocean Springs, MS', 'profileImageUrl': 'https://pbs.twimg.com/profile_images/1070004645421031424/6ubmHZ1h_normal.jpg', 'profileBannerUrl': 'PW', 'protected': 'PW', 'verified': False, 'blue': False, 'blueType': None, 'descriptionLinks': ['PW'], '_type': 'PW'}",,2024-08-21
8,tweet-,1.8262376017094612e+18,Thomas030,"When you (Biden/Harris) started to give out free money, raise the minimum wage, raise energy prices etc. 

What the hell do you think corporations are going to do.

The truth behind Harris‚Äô inflation and corporate greed claims https://t.co/PaqNBGOX4z",https://twitter.com/Thomas030/status/1826237601709461797,1724243948.0,[],False,,,1.8262376017094612e+18,en,"When you (Biden/Harris) started to give out free money, raise the minimum wage, raise energy prices etc. 

What the hell do you think corporations are going to do.

The truth behind Harris‚Äô inflation and corporate greed claims https://t.co/PaqNBGOX4z",0.0,0.0,0.0,0.0,1.8262376017094612e+18,1.8262376017094612e+18,[],[],"[{'display_url': 'cnn.com/2024/08/20/eco‚Ä¶', 'expanded_url': 'https://www.cnn.com/2024/08/20/economy/inflation-kamala-harris-corporate-greed/index.html', 'url': 'https://t.co/PaqNBGOX4z', 'indices': [227, 250]}]","{'count': '23', 'state': 'EnabledWithCount'}",False,,,,,,"{'id': 27572604, 'id_str': '27572604', 'url': 'https://twitter.com/Thomas Nimeh', 'username': 'Thomas Nimeh', 'rawDescription': 'Sports fanatic, Browns fan at heart. IT manager. Gamer.', 'created': datetime.datetime(2009, 3, 30, 3, 13, 40, tzinfo=datetime.timezone.utc), 'followersCount': 285, 'friendsCount': 635, 'statusesCount': 19333, 'favouritesCount': 1392, 'listedCount': 10, 'mediaCount': 953, 'location': '√úT: 41.426496,-81.88167', 'profileImageUrl': 'https://pbs.twimg.com/profile_images/852265004434960390/X3_vKBWm_normal.jpg', 'profileBannerUrl': 'PW', 'protected': 'PW', 'verified': False, 'blue': False, 'blueType': None, 'descriptionLinks': ['PW'], '_type': 'PW'}",,2024-08-21
9,tweet-,1.826237600920924e+18,Rabbittgirl,https://t.co/RYJjisV2jZ,https://twitter.com/Rabbittgirl/status/1826237600920924213,1724243948.0,[],False,,,1.826237600920924e+18,zxx,https://t.co/RYJjisV2jZ,0.0,0.0,0.0,0.0,1.826237600920924e+18,1.826237600920924e+18,[],[],"[{'display_url': 'zerohedge.com/news/2024-08-2‚Ä¶', 'expanded_url': 'https://www.zerohedge.com/news/2024-08-20/wsjs-real-story-nord-stream-sabotage-doesnt-add', 'url': 'https://t.co/RYJjisV2jZ', 'indices': [0, 23]}]","{'count': '17', 'state': 'EnabledWithCount'}",False,,,,,,"{'id': 97727672, 'id_str': '97727672', 'url': 'https://twitter.com/üçäüá∫üá∏üöõUltra MAGA RabbittGirl - 8822MAL 4423 üçå', 'username': 'üçäüá∫üá∏üöõUltra MAGA RabbittGirl - 8822MAL 4423 üçå', 'rawDescription': 'Conservative because I love my freedom and my God. IFB. Proud to have Hillbilly blood MimiforMAGA on Truth.  CovfefeüòÑGoogle IS evil. Never quit. Human.', 'created': datetime.datetime(2009, 12, 18, 19, 1, 58, tzinfo=datetime.timezone.utc), 'followersCount': 10288, 'friendsCount': 11249, 'statusesCount': 260236, 'favouritesCount': 360743, 'listedCount': 0, 'mediaCount': 255, 'location': 'Tallahasssee, Florida', 'profileImageUrl': 'https://pbs.twimg.com/profile_images/3727366527/d598c96d422f1ad85daf8995cb639e22_normal.jpeg', 'profileBannerUrl': 'PW', 'protected': 'PW', 'verified': False, 'blue': False, 'blueType': None, 'descriptionLinks': ['PW'], '_type': 'PW'}",,2024-08-21
10,tweet-,1.8262375978546097e+18,PeteHendrix5,@mmpadellan He was talking about the Biden/Harris four years.,https://twitter.com/PeteHendrix5/status/1826237597854609541,1724243947.0,[],False,,,1.8262375978546097e+18,en,@mmpadellan He was talking about the Biden/Harris four years.,0.0,0.0,0.0,0.0,1.826095801828881e+18,1.826095801828881e+18,[],"[{'id_str': '1640929196', 'name': 'BrooklynDad_Defiant!‚òÆÔ∏è', 'screen_name': 'mmpadellan', 'indices': [0, 11]}]",[],"{'count': '3', 'state': 'EnabledWithCount'}",False,mmpadellan,1.8260958018288804e+18,1640929196.0,,,"{'id': 1601394928218685442, 'id_str': '1601394928218685442', 'url': 'https://twitter.com/Pete Hendrix', 'username': 'Pete Hendrix', 'rawDescription': '', 'created': datetime.datetime(2022, 12, 10, 1, 55, 10, tzinfo=datetime.timezone.utc), 'followersCount': 123, 'friendsCount': 122, 'statusesCount': 2159, 'favouritesCount': 739, 'listedCount': 2, 'mediaCount': 118, 'location': '', 'profileImageUrl': 'https://pbs.twimg.com/profile_images/1601395066601455618/ExR9vF40_normal.png', 'profileBannerUrl': 'PW', 'protected': 'PW', 'verified': False, 'blue': False, 'blueType': None, 'descriptionLinks': ['PW'], '_type': 'PW'}",,2024-08-21
11,tweet-,1.8262375977835807e+18,Kingnole5,"@SteveLovesAmmo No doubt, GOP is weak....Besides Trump.",https://twitter.com/Kingnole5/status/1826237597783580759,1724243947.0,[],False,,,1.8262375977835807e+18,en,"@SteveLovesAmmo No doubt, GOP is weak....Besides Trump.",0.0,0.0,0.0,0.0,1.8262126283702195e+18,1.8262126283702195e+18,[],"[{'id_str': '1638262165269368846', 'name': 'Steve üá∫üá∏', 'screen_name': 'SteveLovesAmmo', 'indices': [0, 15]}]",[],"{'count': '6', 'state': 'EnabledWithCount'}",False,SteveLovesAmmo,1.8262126283702195e+18,1.6382621652693688e+18,,,"{'id': 1168708539063386113, 'id_str': '1168708539063386113', 'url': 'https://twitter.com/Allen', 'username': 'Allen', 'rawDescription': 'GO NOLES!!\nLoved, blessed, and very Thankful!\n#MAGA', 'created': datetime.datetime(2019, 9, 3, 2, 13, 50, tzinfo=datetime.timezone.utc), 'followersCount': 389, 'friendsCount': 808, 'statusesCount': 1794, 'favouritesCount': 6673, 'listedCount': 0, 'mediaCount': 161, 'location': 'United States', 'profileImageUrl': 'https://pbs.twimg.com/profile_images/1776848061525852161/IsbIS223_normal.jpg', 'profileBannerUrl': 'PW', 'protected': 'PW', 'verified': False, 'blue': False, 'blueType': None, 'descriptionLinks': ['PW'], '_type': 'PW'}",,2024-08-21
12,tweet-,1.8262375973936049e+18,HighlandsGOP,Blackman reelected sheriff https://t.co/WKR1rxNfjD,https://twitter.com/HighlandsGOP/status/1826237597393604686,1724243947.0,[],False,,,1.8262375973936049e+18,en,Blackman reelected sheriff https://t.co/WKR1rxNfjD,0.0,0.0,0.0,0.0,1.8262375973936049e+18,1.8262375973936049e+18,[],[],"[{'display_url': 'midfloridanewspapers.com/highlands_news‚Ä¶', 'expanded_url': 'https://www.midfloridanewspapers.com/highlands_news-sun/blackman-reelected-sheriff/article_b3086edc-5f03-11ef-ae41-f72295c0aee6.html?utm_medium=social&utm_source=twitter&utm_campaign=user-share', 'url': 'https://t.co/WKR1rxNfjD', 'indices': [27, 50]}]","{'count': '7', 'state': 'EnabledWithCount'}",False,,,,,,"{'id': 2239666039, 'id_str': '2239666039', 'url': 'https://twitter.com/Highlands County GOP', 'username': 'Highlands County GOP', 'rawDescription': 'Official ""X "" Page (formerly Twitter) of the Republican Party of Highlands County, FL.  The HCREC is the governing body. RT does not imply endorsement.', 'created': datetime.datetime(2013, 12, 10, 19, 25, 38, tzinfo=datetime.timezone.utc), 'followersCount': 771, 'friendsCount': 659, 'statusesCount': 25627, 'favouritesCount': 4781, 'listedCount': 10, 'mediaCount': 577, 'location': 'Highlands County, FL', 'profileImageUrl': 'https://pbs.twimg.com/profile_images/378800000855832528/6fa9a6bc48d30a7ac295966e4ff2e5a9_normal.jpeg', 'profileBannerUrl': 'PW', 'protected': 'PW', 'verified': False, 'blue': False, 'blueType': None, 'descriptionLinks': ['PW'], '_type': 'PW'}",,2024-08-21
13,tweet-,1.8262375967686497e+18,NN04051993,"@Kip1164035 @AZ_Brittney Why don't you get Jim Jordan and James Comer to investigate her? That will give the GOP something to do for the next 8 years! Results will be the same as with all the silly, childish investigations they did in the last 4 years. And Jordan even raped wrestlers at Ohio State!",https://twitter.com/NN04051993/status/1826237596768649634,1724243947.0,[],False,,,1.8262375967686497e+18,en,"@Kip1164035 @AZ_Brittney Why don't you get Jim Jordan and James Comer to investigate her? That will give the GOP something to do for the next 8 years! Results will be the same as with all the silly, childish investigations they did in the last 4 years. And Jordan even raped wrestlers at Ohio State!",1.0,0.0,0.0,0.0,1.825921100687315e+18,1.825921100687315e+18,[],"[{'id_str': '1823397852615192587', 'name': 'Kip', 'screen_name': 'Kip1164035', 'indices': [0, 11]}, {'id_str': '1424033022', 'name': 'üíôBrittneyüíô', 'screen_name': 'AZ_Brittney', 'indices': [12, 24]}]",[],"{'count': '9', 'state': 'EnabledWithCount'}",False,Kip1164035,1.825941076261352e+18,1.8233978526151923e+18,,,"{'id': 1707870677515055104, 'id_str': '1707870677515055104', 'url': 'https://twitter.com/Nils Nilsen', 'username': 'Nils Nilsen', 'rawDescription': '', 'created': datetime.datetime(2023, 9, 29, 21, 32, 40, tzinfo=datetime.timezone.utc), 'followersCount': 176, 'friendsCount': 234, 'statusesCount': 629, 'favouritesCount': 125, 'listedCount': 0, 'mediaCount': 21, 'location': '', 'profileImageUrl': 'https://abs.twimg.com/sticky/default_profile_images/default_profile_normal.png', 'profileBannerUrl': 'PW', 'protected': 'PW', 'verified': False, 'blue': False, 'blueType': None, 'descriptionLinks': ['PW'], '_type': 'PW'}",,2024-08-21
14,tweet-,1.8262375967643607e+18,NUKE_MAGA,"@jayblackisfunny @ProjectLincoln Illegal immigration.....

Democrats lost track of 291000 children. https://t.co/ttMcEdleth",https://twitter.com/NUKE_MAGA/status/1826237596764361126,1724243947.0,"[{'display_url': 'pic.x.com/ttMcEdleth', 'expanded_url': 'https://x.com/NUKE_MAGA/status/1826237596764361126/photo/1', 'id_str': '1826237594776064000', 'indices': [100, 123], 'media_key': '3_1826237594776064000', 'media_url_https': 'https://pbs.twimg.com/media/GVgZaqgXUAAx68z.jpg', 'type': 'photo', 'url': 'https://t.co/ttMcEdleth', 'ext_media_availability': {'status': 'Available'}, 'features': {'large': {'faces': [{'x': 967, 'y': 121, 'h': 46, 'w': 46}]}, 'medium': {'faces': [{'x': 906, 'y': 113, 'h': 43, 'w': 43}]}, 'small': {'faces': [{'x': 513, 'y': 64, 'h': 24, 'w': 24}]}, 'orig': {'faces': [{'x': 967, 'y': 121, 'h': 46, 'w': 46}]}}, 'sizes': {'large': {'h': 720, 'w': 1280, 'resize': 'fit'}, 'medium': {'h': 675, 'w': 1200, 'resize': 'fit'}, 'small': {'h': 383, 'w': 680, 'resize': 'fit'}, 'thumb': {'h': 150, 'w': 150, 'resize': 'crop'}}, 'original_info': {'height': 720, 'width': 1280, 'focus_rects': [{'x': 0, 'y': 3, 'w': 1280, 'h': 717}, {'x': 560, 'y': 0, 'w': 720, 'h': 720}, {'x': 648, 'y': 0, 'w': 632, 'h': 720}, {'x': 876, 'y': 0, 'w': 360, 'h': 720}, {'x': 0, 'y': 0, 'w': 1280, 'h': 720}]}, 'media_results': {'result': {'media_key': '3_1826237594776064000'}}}]",False,,,1.8262375967643607e+18,en,"@jayblackisfunny @ProjectLincoln Illegal immigration.....

Democrats lost track of 291000 children. https://t.co/ttMcEdleth",0.0,0.0,0.0,0.0,1.826086987562103e+18,1.826086987562103e+18,[],"[{'id_str': '14178225', 'name': 'Jay Black', 'screen_name': 'jayblackisfunny', 'indices': [0, 16]}, {'id_str': '1205226529455632385', 'name': 'The Lincoln Project', 'screen_name': 'ProjectLincoln', 'indices': [17, 32]}]",[],"{'count': '16', 'state': 'EnabledWithCount'}",False,jayblackisfunny,1.826087691093472e+18,14178225.0,,,"{'id': 1561096597173202944, 'id_str': '1561096597173202944', 'url': 'https://twitter.com/Nuked Garbage MAGA ULTRA ‚ò¢Ô∏è‚ò¢Ô∏è‚ò¢Ô∏èüñïLIBSüñï', 'username': 'Nuked Garbage MAGA ULTRA ‚ò¢Ô∏è‚ò¢Ô∏è‚ò¢Ô∏èüñïLIBSüñï', 'rawDescription': ""Conservative. Married. MAGA. Father of six.\n\nLibs are Crazy AF.   If you're still reading to find something to use against me, you're a failure in life."", 'created': datetime.datetime(2022, 8, 20, 21, 3, 50, tzinfo=datetime.timezone.utc), 'followersCount': 1939, 'friendsCount': 2242, 'statusesCount': 78941, 'favouritesCount': 176279, 'listedCount': 3, 'mediaCount': 10585, 'location': 'earth', 'profileImageUrl': 'https://pbs.twimg.com/profile_images/1561185606473883651/nauAJV-Q_normal.jpg', 'profileBannerUrl': 'PW', 'protected': 'PW', 'verified': False, 'blue': False, 'blueType': None, 'descriptionLinks': ['PW'], '_type': 'PW'}",,2024-08-21
15,tweet-,1.826237594767909e+18,TheLoyalNine65,@BiologicalWoma2 #MAGA üá∫üá∏üá∫üá∏üá∫üá∏,https://twitter.com/TheLoyalNine65/status/1826237594767909015,1724243947.0,[],False,,,1.826237594767909e+18,qme,@BiologicalWoma2 #MAGA üá∫üá∏üá∫üá∏üá∫üá∏,0.0,0.0,0.0,0.0,1.826227903161648e+18,1.826227903161648e+18,"[{'indices': [17, 22], 'text': 'MAGA'}]","[{'id_str': '1399789185456820225', 'name': ""Hi, I'm KellyJo üôãüèΩ\u200d‚ôÄÔ∏èüá∫üá∏"", 'screen_name': 'BiologicalWoma2', 'indices': [0, 16]}]",[],"{'count': '1', 'state': 'EnabledWithCount'}",False,BiologicalWoma2,1.826227903161648e+18,1.3997891854568202e+18,,,"{'id': 1824959785877344256, 'id_str': '1824959785877344256', 'url': 'https://twitter.com/Leo Cunningham', 'username': 'Leo Cunningham', 'rawDescription': 'Proud American Patriot üá∫üá∏America First üá∫üá∏Homeschooler üá∫üá∏Pro Small Government üá∫üá∏Pro 2Aüá∫üá∏Constitutionalistüá∫üá∏Cryptoüö´DMüö´', 'created': datetime.datetime(2024, 8, 18, 0, 2, 6, tzinfo=datetime.timezone.utc), 'followersCount': 4391, 'friendsCount': 5033, 'statusesCount': 4930, 'favouritesCount': 13325, 'listedCount': 0, 'mediaCount': 492, 'location': 'New Hampshire, USA', 'profileImageUrl': 'https://pbs.twimg.com/profile_images/1824960647869677569/mVp69kNI_normal.jpg', 'profileBannerUrl': 'PW', 'protected': 'PW', 'verified': False, 'blue': False, 'blueType': None, 'descriptionLinks': ['PW'], '_type': 'PW'}",,2024-08-21
16,tweet-,1.8262375945162547e+18,shurtcircuit,@TRHLofficial @ConceptualJames The Blood Sacrifice!  #evil #DESPICABLE  #wickedness,https://twitter.com/shurtcircuit/status/1826237594516254766,1724243947.0,[],False,,,1.8262375945162547e+18,en,@TRHLofficial @ConceptualJames The Blood Sacrifice!  #evil #DESPICABLE  #wickedness,0.0,0.0,0.0,0.0,1.8260845652341847e+18,1.8260845652341847e+18,"[{'indices': [53, 58], 'text': 'evil'}, {'indices': [59, 70], 'text': 'DESPICABLE'}, {'indices': [72, 83], 'text': 'wickedness'}]","[{'id_str': '37190937', 'name': 'The Redheaded libertarian', 'screen_name': 'TRHLofficial', 'indices': [0, 13]}, {'id_str': '826261914', 'name': 'James Lindsay, anti-Communist', 'screen_name': 'ConceptualJames', 'indices': [14, 30]}]",[],"{'count': '2', 'state': 'EnabledWithCount'}",False,TRHLofficial,1.8260845652341844e+18,37190937.0,,,"{'id': 254645513, 'id_str': '254645513', 'url': 'https://twitter.com/Boomer Jeff', 'username': 'Boomer Jeff', 'rawDescription': 'Trust in the Lord.', 'created': datetime.datetime(2011, 2, 19, 18, 12, 41, tzinfo=datetime.timezone.utc), 'followersCount': 758, 'friendsCount': 228, 'statusesCount': 55736, 'favouritesCount': 20435, 'listedCount': 19, 'mediaCount': 964, 'location': '', 'profileImageUrl': 'https://pbs.twimg.com/profile_images/993259803593003010/RwcuS7i2_normal.jpg', 'profileBannerUrl': 'PW', 'protected': 'PW', 'verified': False, 'blue': False, 'blueType': None, 'descriptionLinks': ['PW'], '_type': 'PW'}",,2024-08-21
17,tweet-,1.826237593484452e+18,MoleManly,@mymixtapez This gotta be how that MAGA hat on the plane guy feels,https://twitter.com/MoleManly/status/1826237593484452217,1724243946.0,[],False,,,1.826237593484452e+18,en,@mymixtapez This gotta be how that MAGA hat on the plane guy feels,0.0,0.0,0.0,0.0,1.8259898846008325e+18,1.8259898846008325e+18,[],"[{'id_str': '354347533', 'name': 'My Mixtapez', 'screen_name': 'mymixtapez', 'indices': [0, 11]}]",[],"{'count': '5', 'state': 'EnabledWithCount'}",False,mymixtapez,1.825989884600832e+18,354347533.0,,,"{'id': 1646874819244310528, 'id_str': '1646874819244310528', 'url': 'https://twitter.com/Moleman', 'username': 'Moleman', 'rawDescription': '', 'created': datetime.datetime(2023, 4, 14, 13, 55, 41, tzinfo=datetime.timezone.utc), 'followersCount': 297, 'friendsCount': 297, 'statusesCount': 8725, 'favouritesCount': 96351, 'listedCount': 1, 'mediaCount': 588, 'location': '', 'profileImageUrl': 'https://pbs.twimg.com/profile_images/1646877584234369029/Mt-qZYia_normal.jpg', 'profileBannerUrl': 'PW', 'protected': 'PW', 'verified': False, 'blue': False, 'blueType': None, 'descriptionLinks': ['PW'], '_type': 'PW'}",,2024-08-21
18,tweet-,1.826237591240455e+18,BillHecht74,@AnnieForTruth @BabeTruth2 Every accusation by a MAGA turd is a confession,https://twitter.com/BillHecht74/status/1826237591240454624,1724243946.0,[],False,,,1.826237591240455e+18,en,@AnnieForTruth @BabeTruth2 Every accusation by a MAGA turd is a confession,0.0,0.0,0.0,0.0,1.825892379724796e+18,1.825892379724796e+18,[],"[{'id_str': '1393193445246660611', 'name': 'Annie', 'screen_name': 'AnnieForTruth', 'indices': [0, 14]}, {'id_str': '736967318417248256', 'name': 'Stand Back Up 2', 'screen_name': 'BabeTruth2', 'indices': [15, 26]}]",[],"{'count': '3', 'state': 'EnabledWithCount'}",False,AnnieForTruth,1.825892379724796e+18,1.3931934452466606e+18,,,"{'id': 1542942086302932997, 'id_str': '1542942086302932997', 'url': 'https://twitter.com/Bill H', 'username': 'Bill H', 'rawDescription': '', 'created': datetime.datetime(2022, 7, 1, 18, 44, 23, tzinfo=datetime.timezone.utc), 'followersCount': 261, 'friendsCount': 952, 'statusesCount': 13764, 'favouritesCount': 1462, 'listedCount': 0, 'mediaCount': 583, 'location': '', 'profileImageUrl': 'https://pbs.twimg.com/profile_images/1664425210244636672/08xmGOr6_normal.jpg', 'profileBannerUrl': 'PW', 'protected': 'PW', 'verified': False, 'blue': False, 'blueType': None, 'descriptionLinks': ['PW'], '_type': 'PW'}",,2024-08-21
19,tweet-,1.8262375904646024e+18,FactsandScreen,@BillSmith127221 @Ronxyz00 @harris_wins Do you think 37 year old Marcelo Lucero feels safe with Drumpf? No he doesn't because he was brutally murdered by xenophobic nativists whose rhetoric matches that of MAGA politicians and influenced by Drumpf.,https://twitter.com/FactsandScreen/status/1826237590464602369,1724243946.0,[],False,,,1.8262375904646024e+18,en,@BillSmith127221 @Ronxyz00 @harris_wins Do you think 37 year old Marcelo Lucero feels safe with Drumpf? No he doesn't because he was brutally murdered by xenophobic nativists whose rhetoric matches that of MAGA politicians and influenced by Drumpf.,0.0,0.0,0.0,0.0,1.8260913320219448e+18,1.8260913320219448e+18,[],"[{'id_str': '1774177224813355008', 'name': 'Bill Smith', 'screen_name': 'BillSmith127221', 'indices': [0, 16]}, {'id_str': '1660902743106633728', 'name': 'Ron (Fan)üá∫üá∏', 'screen_name': 'Ronxyz00', 'indices': [17, 26]}, {'id_str': '1486069441259397125', 'name': 'Kamala‚Äôs Wins', 'screen_name': 'harris_wins', 'indices': [27, 39]}]",[],"{'count': '7', 'state': 'EnabledWithCount'}",False,BillSmith127221,1.826118154919068e+18,1.774177224813355e+18,,,"{'id': 1525098098942410752, 'id_str': '1525098098942410752', 'url': 'https://twitter.com/Facts and Politics', 'username': 'Facts and Politics', 'rawDescription': 'Always Learning.', 'created': datetime.datetime(2022, 5, 13, 12, 58, 27, tzinfo=datetime.timezone.utc), 'followersCount': 457, 'friendsCount': 727, 'statusesCount': 12303, 'favouritesCount': 7271, 'listedCount': 0, 'mediaCount': 177, 'location': '', 'profileImageUrl': 'https://abs.twimg.com/sticky/default_profile_images/default_profile_normal.png', 'profileBannerUrl': 'PW', 'protected': 'PW', 'verified': False, 'blue': False, 'blueType': None, 'descriptionLinks': ['PW'], '_type': 'PW'}",,2024-08-21
20,tweet-,1.826237589374001e+18,TheOldWeirdPro,"Brutal? They ripped the RNC's throat out! Let's keep the excitement and spirit up and through President Harris' swearing-in ceremony and Presidental galas!

#HarrisWalz2024 #VoteAllBlue2024 #DemsUnited #RoeVember2024 #TrumpIsLosing #AllGasNoBrakes",https://twitter.com/TheOldWeirdPro/status/1826237589374001401,1724243945.0,[],False,,,1.826237589374001e+18,en,"Brutal? They ripped the RNC's throat out! Let's keep the excitement and spirit up and through President Harris' swearing-in ceremony and Presidental galas!

#HarrisWalz2024 #VoteAllBlue2024 #DemsUnited #RoeVember2024 #TrumpIsLosing #AllGasNoBrakes",0.0,0.0,0.0,0.0,1.826237589374001e+18,1.826237589374001e+18,"[{'indices': [157, 172], 'text': 'HarrisWalz2024'}, {'indices': [173, 189], 'text': 'VoteAllBlue2024'}, {'indices': [190, 201], 'text': 'DemsUnited'}, {'indices': [202, 216], 'text': 'RoeVember2024'}, {'indices': [217, 231], 'text': 'TrumpIsLosing'}, {'indices': [232, 247], 'text': 'AllGasNoBrakes'}]",[],[],"{'count': '18', 'state': 'EnabledWithCount'}",True,,,,,,"{'id': 1438518176636018689, 'id_str': '1438518176636018689', 'url': 'https://twitter.com/Dominus Primus 932', 'username': 'Dominus Primus 932', 'rawDescription': 'Proud husband & father, avid Destiny gamer, tech enthusiast, woke AF, an Independent now supporting ONLY Democrats, #VoteBlue2024, rational Christian, peace!', 'created': datetime.datetime(2021, 9, 16, 15, 1, 3, tzinfo=datetime.timezone.utc), 'followersCount': 508, 'friendsCount': 196, 'statusesCount': 18615, 'favouritesCount': 18671, 'listedCount': 0, 'mediaCount': 129, 'location': 'Georgia', 'profileImageUrl': 'https://pbs.twimg.com/profile_images/1438518299357106189/vtfpciUm_normal.jpg', 'profileBannerUrl': 'PW', 'protected': 'PW', 'verified': False, 'blue': False, 'blueType': None, 'descriptionLinks': ['PW'], '_type': 'PW'}",,2024-08-21
21,tweet-,1.826237586517693e+18,ImYourHucklbry,"@RyanShead LMAO - Biden sure isn‚Äôt acting president now.  When has Elon ever entered the US without a passport??

You‚Äôre welcome.",https://twitter.com/ImYourHucklbry/status/1826237586517692658,1724243945.0,[],False,,,1.826237586517693e+18,en,"@RyanShead LMAO - Biden sure isn‚Äôt acting president now.  When has Elon ever entered the US without a passport??

You‚Äôre welcome.",0.0,0.0,0.0,0.0,1.8260113017701376e+18,1.8260113017701376e+18,[],"[{'id_str': '790624550', 'name': 'Ryan Shead', 'screen_name': 'RyanShead', 'indices': [0, 10]}]",[],"{'count': '5', 'state': 'EnabledWithCount'}",False,RyanShead,1.8260113017701376e+18,790624550.0,,,"{'id': 1453780503765688332, 'id_str': '1453780503765688332', 'url': 'https://twitter.com/I‚ÄômYourHuckleberry', 'username': 'I‚ÄômYourHuckleberry', 'rawDescription': 'Don‚Äôt X things that are misleading, untrue, or have childlike inappropriate images that violate X rules that you are proud of.', 'created': datetime.datetime(2021, 10, 28, 17, 49, 38, tzinfo=datetime.timezone.utc), 'followersCount': 224, 'friendsCount': 201, 'statusesCount': 26635, 'favouritesCount': 4862, 'listedCount': 24, 'mediaCount': 5781, 'location': '', 'profileImageUrl': 'https://pbs.twimg.com/profile_images/1453783336774668293/rliT4pTU_normal.jpg', 'profileBannerUrl': 'PW', 'protected': 'PW', 'verified': False, 'blue': False, 'blueType': None, 'descriptionLinks': ['PW'], '_type': 'PW'}",,2024-08-21
22,tweet-,1.826237585498452e+18,Sandy63310423,@Damaan4u33 No- I think the plan was to assisinate him and when God intervened Biden was forced to step down. Kamala is working for the Devil himself to undo. Every word of the Constitution,https://twitter.com/Sandy63310423/status/1826237585498452129,1724243944.0,[],False,,,1.826237585498452e+18,en,@Damaan4u33 No- I think the plan was to assisinate him and when God intervened Biden was forced to step down. Kamala is working for the Devil himself to undo. Every word of the Constitution,0.0,0.0,0.0,0.0,1.825631603982324e+18,1.825631603982324e+18,[],"[{'id_str': '3353330837', 'name': 'Damaan, AKA ""Philly\'s Finest""!', 'screen_name': 'Damaan4u33', 'indices': [0, 11]}]",[],"{'count': '13', 'state': 'EnabledWithCount'}",False,Damaan4u33,1.825631603982324e+18,3353330837.0,,,"{'id': 1511211155309617157, 'id_str': '1511211155309617157', 'url': 'https://twitter.com/Sandy', 'username': 'Sandy', 'rawDescription': '', 'created': datetime.datetime(2022, 4, 5, 5, 16, 48, tzinfo=datetime.timezone.utc), 'followersCount': 39, 'friendsCount': 96, 'statusesCount': 3009, 'favouritesCount': 153, 'listedCount': 0, 'mediaCount': 1, 'location': '', 'profileImageUrl': 'https://abs.twimg.com/sticky/default_profile_images/default_profile_normal.png', 'profileBannerUrl': 'PW', 'protected': 'PW', 'verified': False, 'blue': False, 'blueType': None, 'descriptionLinks': ['PW'], '_type': 'PW'}",,2024-08-21
23,tweet-,1.826237585099993e+18,LghoeKimi,House GOP Leader Kevin McCarthy Says He Backs Ousting Liz Cheney From Role. McCarthy said he supports Rep. Elise Stefanik to replace Cheney for the job of Republican Conference chair.,https://twitter.com/LghoeKimi/status/1826237585099993312,1724243944.0,[],False,,,1.826237585099993e+18,en,House GOP Leader Kevin McCarthy Says He Backs Ousting Liz Cheney From Role. McCarthy said he supports Rep. Elise Stefanik to replace Cheney for the job of Republican Conference chair.,0.0,0.0,0.0,0.0,1.826237585099993e+18,1.826237585099993e+18,[],[],[],"{'count': '16', 'state': 'EnabledWithCount'}",False,,,,,,"{'id': 3342693461, 'id_str': '3342693461', 'url': 'https://twitter.com/Anissa Kimi', 'username': 'Anissa Kimi', 'rawDescription': 'ÿ™ŸÖ ÿßÿÆÿ™ÿ±ÿßŸÇ ÿßÿ≠ÿ≥ÿßÿ® ŸÖŸÜ ŸÖÿπÿß ÿßŸÑÿπŸÖÿ±Ÿäz_zzv', 'created': datetime.datetime(2015, 6, 23, 13, 50, 18, tzinfo=datetime.timezone.utc), 'followersCount': 10, 'friendsCount': 194, 'statusesCount': 241, 'favouritesCount': 2136, 'listedCount': 0, 'mediaCount': 40, 'location': '', 'profileImageUrl': 'https://pbs.twimg.com/profile_images/724731374322765825/uzb4I4Xy_normal.jpg', 'profileBannerUrl': 'PW', 'protected': 'PW', 'verified': False, 'blue': False, 'blueType': None, 'descriptionLinks': ['PW'], '_type': 'PW'}",,2024-08-21
24,tweet-,1.82623758487772e+18,FloridaForMAGA,"The start in plain site maybe, but it started well before that fake fool.",https://twitter.com/FloridaForMAGA/status/1826237584877719663,1724243944.0,[],False,,,1.82623758487772e+18,en,"The start in plain site maybe, but it started well before that fake fool.",0.0,0.0,0.0,0.0,1.82623758487772e+18,1.82623758487772e+18,[],[],[],"{'count': '14', 'state': 'EnabledWithCount'}",True,,,,,,"{'id': 993428354689912834, 'id_str': '993428354689912834', 'url': 'https://twitter.com/FightForFreedomüòä', 'username': 'FightForFreedomüòä', 'rawDescription': 'Christian, Proud Trump supporter since day 1. Ready to take my country back, PC destroys, AMERICA FIRST! MAHA, Make America Pray Again! FIGHT, FIGHT, FIGHT!!', 'created': datetime.datetime(2018, 5, 7, 9, 52, 31, tzinfo=datetime.timezone.utc), 'followersCount': 2643, 'friendsCount': 2561, 'statusesCount': 110807, 'favouritesCount': 177950, 'listedCount': 1, 'mediaCount': 1055, 'location': 'Naples, Florida, USA', 'profileImageUrl': 'https://pbs.twimg.com/profile_images/1851793533482536960/Flm1j0DR_normal.jpg', 'profileBannerUrl': 'PW', 'protected': 'PW', 'verified': False, 'blue': True, 'blueType': None, 'descriptionLinks': ['PW'], '_type': 'PW'}",,2024-08-21
25,tweet-,1.826237584571532e+18,pmcd1958,"@ShawnForGeorgia Don't forget that MTG voted against Biden infrastructure Bills for Georgia, then later tried to take credit when they were rolled out.",https://twitter.com/pmcd1958/status/1826237584571531761,1724243944.0,[],False,,,1.826237584571532e+18,en,"@ShawnForGeorgia Don't forget that MTG voted against Biden infrastructure Bills for Georgia, then later tried to take credit when they were rolled out.",1.0,0.0,0.0,0.0,1.8261146343711867e+18,1.8261146343711867e+18,[],"[{'id_str': '1689338554223308801', 'name': 'Shawn Harris for Congress', 'screen_name': 'ShawnForGeorgia', 'indices': [0, 16]}]",[],"{'count': '29', 'state': 'EnabledWithCount'}",False,ShawnForGeorgia,1.8261146343711867e+18,1.6893385542233088e+18,,,"{'id': 3189363547, 'id_str': '3189363547', 'url': 'https://twitter.com/paul mcdonnell', 'username': 'paul mcdonnell', 'rawDescription': 'Once upon a time Racing Journo.\nOld journos never die. The just come to a Full Stop.', 'created': datetime.datetime(2015, 5, 9, 2, 28, 16, tzinfo=datetime.timezone.utc), 'followersCount': 361, 'friendsCount': 604, 'statusesCount': 17709, 'favouritesCount': 11200, 'listedCount': 3, 'mediaCount': 526, 'location': 'Perth, Western Australia', 'profileImageUrl': 'https://pbs.twimg.com/profile_images/641541294519533568/uymGFE-P_normal.jpg', 'profileBannerUrl': 'PW', 'protected': 'PW', 'verified': False, 'blue': False, 'blueType': None, 'descriptionLinks': ['PW'], '_type': 'PW'}",,2024-08-21
26,tweet-,1.8262375838753303e+18,the_xperiense,@finneko_prgrm Du coup Kamala c'est encire pire que Biden au final niveau fiscalit√©,https://twitter.com/the_xperiense/status/1826237583875330514,1724243944.0,[],False,,,1.8262375838753303e+18,fr,@finneko_prgrm Du coup Kamala c'est encire pire que Biden au final niveau fiscalit√©,0.0,0.0,1.0,0.0,1.826179357188002e+18,1.826179357188002e+18,[],"[{'id_str': '1721181795247353856', 'name': 'Finneko', 'screen_name': 'finneko_prgrm', 'indices': [0, 14]}]",[],"{'count': '82', 'state': 'EnabledWithCount'}",False,finneko_prgrm,1.826179357188002e+18,1.721181795247354e+18,,,"{'id': 1437922324657868800, 'id_str': '1437922324657868800', 'url': 'https://twitter.com/INVEST-SUR', 'username': 'INVEST-SUR', 'rawDescription': 'Pas conseill√© financier mais dresseur de troll', 'created': datetime.datetime(2021, 9, 14, 23, 33, 4, tzinfo=datetime.timezone.utc), 'followersCount': 65, 'friendsCount': 0, 'statusesCount': 9992, 'favouritesCount': 149, 'listedCount': 9, 'mediaCount': 3714, 'location': '', 'profileImageUrl': 'https://pbs.twimg.com/profile_images/1750615657278763008/QOuK87rG_normal.jpg', 'profileBannerUrl': 'PW', 'protected': 'PW', 'verified': False, 'blue': False, 'blueType': None, 'descriptionLinks': ['PW'], '_type': 'PW'}",,2024-08-21
27,tweet-,1.826237583871091e+18,Dee_Gilliam98,Fraud,https://twitter.com/Dee_Gilliam98/status/1826237583871091052,1724243944.0,[],False,,,1.826237583871091e+18,fr,Fraud,0.0,0.0,0.0,0.0,1.826237583871091e+18,1.826237583871091e+18,[],[],[],"{'count': '8', 'state': 'EnabledWithCount'}",True,,,,,,"{'id': 887184818, 'id_str': '887184818', 'url': 'https://twitter.com/MAGA dee_gilliam', 'username': 'MAGA dee_gilliam', 'rawDescription': 'Tüá∫üá∏Rüá∫üá∏Uüá∫üá∏Müá∫üá∏Püá∫üá∏2024 #USAFMOMüá∫üá∏‚úùÔ∏è', 'created': datetime.datetime(2012, 10, 17, 16, 54, 58, tzinfo=datetime.timezone.utc), 'followersCount': 418, 'friendsCount': 578, 'statusesCount': 12858, 'favouritesCount': 38175, 'listedCount': 6, 'mediaCount': 1159, 'location': 'Texas, USA', 'profileImageUrl': 'https://pbs.twimg.com/profile_images/1754611425337585664/VDyn9aGN_normal.jpg', 'profileBannerUrl': 'PW', 'protected': 'PW', 'verified': False, 'blue': False, 'blueType': None, 'descriptionLinks': ['PW'], '_type': 'PW'}",,2024-08-21
28,tweet-,1.826237583850091e+18,traderg66,"@krassenstein Laken Riley‚Äôs parents have videos too. 

Unfortunately that‚Äôs all they have. 

One of Harris/ Biden‚Äôs border invader‚Äôs brutality killed Laken.",https://twitter.com/traderg66/status/1826237583850090916,1724243944.0,[],False,,,1.826237583850091e+18,en,"@krassenstein Laken Riley‚Äôs parents have videos too. 

Unfortunately that‚Äôs all they have. 

One of Harris/ Biden‚Äôs border invader‚Äôs brutality killed Laken.",8.0,6.0,71.0,0.0,1.8262273798086825e+18,1.8262273798086825e+18,[],"[{'id_str': '133938408', 'name': 'Brian Krassenstein', 'screen_name': 'krassenstein', 'indices': [0, 13]}]",[],"{'count': '3439', 'state': 'EnabledWithCount'}",False,krassenstein,1.8262273798086825e+18,133938408.0,,,"{'id': 746696157317967872, 'id_str': '746696157317967872', 'url': 'https://twitter.com/üî•üî•pissed off patriotüá∫üá∏.üëäüí™üá∫üá∏üá∫üá∏üá∫üá∏üá∫üá∏', 'username': 'üî•üî•pissed off patriotüá∫üá∏.üëäüí™üá∫üá∏üá∫üá∏üá∫üá∏üá∫üá∏', 'rawDescription': 'Living completely free in Florida experienced in the ways of the world. An enemy of sanctimonious self righteous duplicitous liars usually politicians. FJB', 'created': datetime.datetime(2016, 6, 25, 13, 26, 51, tzinfo=datetime.timezone.utc), 'followersCount': 10164, 'friendsCount': 11115, 'statusesCount': 100133, 'favouritesCount': 90240, 'listedCount': 39, 'mediaCount': 323, 'location': 'United States', 'profileImageUrl': 'https://pbs.twimg.com/profile_images/1536299138526199811/x-S_tH-m_normal.jpg', 'profileBannerUrl': 'PW', 'protected': 'PW', 'verified': False, 'blue': True, 'blueType': None, 'descriptionLinks': ['PW'], '_type': 'PW'}",,2024-08-21
29,tweet-,1.8262375823569843e+18,Beyond_Patriot,@catturd2 @omahabe2 They are only running  on their hatred for Donald Trump,https://twitter.com/Beyond_Patriot/status/1826237582356984193,1724243944.0,[],False,,,1.8262375823569843e+18,en,@catturd2 @omahabe2 They are only running  on their hatred for Donald Trump,1.0,0.0,0.0,0.0,1.826234791366406e+18,1.826234791366406e+18,[],"[{'id_str': '1043185714437992449', 'name': 'Catturd ‚Ñ¢', 'screen_name': 'catturd2', 'indices': [0, 9]}, {'id_str': '1018957536', 'name': 'Elbert C. Lyon', 'screen_name': 'omahabe2', 'indices': [10, 19]}]",[],"{'count': '48', 'state': 'EnabledWithCount'}",False,catturd2,1.826234791366406e+18,1.0431857144379924e+18,,,"{'id': 68539019, 'id_str': '68539019', 'url': 'https://twitter.com/Beyond Patriot', 'username': 'Beyond Patriot', 'rawDescription': 'Conservative Constitutionalist.... I like freedom, and more freedom.. if I think it.. I tweet it... no filter. #SaveMichigan Vote Trump2024', 'created': datetime.datetime(2009, 8, 24, 23, 11, 52, tzinfo=datetime.timezone.utc), 'followersCount': 3593, 'friendsCount': 2985, 'statusesCount': 26316, 'favouritesCount': 48587, 'listedCount': 9, 'mediaCount': 3996, 'location': 'Michigan, USA', 'profileImageUrl': 'https://pbs.twimg.com/profile_images/1817944472031801344/3GlwqeU1_normal.jpg', 'profileBannerUrl': 'PW', 'protected': 'PW', 'verified': False, 'blue': True, 'blueType': None, 'descriptionLinks': ['PW'], '_type': 'PW'}",,2024-08-21
30,tweet-,1.826237581560037e+18,ABotzum,#Trump2024 #BidenHarrisAdministrationFailure #Democrats https://t.co/LX6xm2ll4R,https://twitter.com/ABotzum/status/1826237581560037417,1724243943.0,"[{'display_url': 'pic.x.com/LX6xm2ll4R', 'expanded_url': 'https://x.com/ABotzum/status/1826237581560037417/photo/1', 'id_str': '1826237577256476672', 'indices': [56, 79], 'media_key': '3_1826237577256476672', 'media_url_https': 'https://pbs.twimg.com/media/GVgZZpPXoAAuOi6.jpg', 'type': 'photo', 'url': 'https://t.co/LX6xm2ll4R', 'ext_media_availability': {'status': 'Available'}, 'features': {'large': {'faces': [{'x': 379, 'y': 1442, 'h': 105, 'w': 105}, {'x': 590, 'y': 1464, 'h': 207, 'w': 207}, {'x': 934, 'y': 26, 'h': 189, 'w': 189}, {'x': 481, 'y': 803, 'h': 209, 'w': 209}]}, 'medium': {'faces': [{'x': 248, 'y': 944, 'h': 68, 'w': 68}, {'x': 386, 'y': 958, 'h': 135, 'w': 135}, {'x': 611, 'y': 17, 'h': 123, 'w': 123}, {'x': 314, 'y': 525, 'h': 136, 'w': 136}]}, 'small': {'faces': [{'x': 140, 'y': 534, 'h': 38, 'w': 38}, {'x': 218, 'y': 543, 'h': 76, 'w': 76}, {'x': 346, 'y': 9, 'h': 70, 'w': 70}, {'x': 178, 'y': 297, 'h': 77, 'w': 77}]}, 'orig': {'faces': [{'x': 379, 'y': 1442, 'h': 105, 'w': 105}, {'x': 590, 'y': 1464, 'h': 207, 'w': 207}, {'x': 934, 'y': 26, 'h': 189, 'w': 189}, {'x': 481, 'y': 803, 'h': 209, 'w': 209}]}}, 'sizes': {'large': {'h': 1833, 'w': 1170, 'resize': 'fit'}, 'medium': {'h': 1200, 'w': 766, 'resize': 'fit'}, 'small': {'h': 680, 'w': 434, 'resize': 'fit'}, 'thumb': {'h': 150, 'w': 150, 'resize': 'crop'}}, 'original_info': {'height': 1833, 'width': 1170, 'focus_rects': [{'x': 0, 'y': 177, 'w': 1170, 'h': 655}, {'x': 0, 'y': 0, 'w': 1170, 'h': 1170}, {'x': 0, 'y': 0, 'w': 1170, 'h': 1334}, {'x': 0, 'y': 0, 'w': 917, 'h': 1833}, {'x': 0, 'y': 0, 'w': 1170, 'h': 1833}]}, 'allow_download_status': {'allow_download': True}, 'media_results': {'result': {'media_key': '3_1826237577256476672'}}}]",False,,,1.826237581560037e+18,qme,#Trump2024 #BidenHarrisAdministrationFailure #Democrats https://t.co/LX6xm2ll4R,0.0,0.0,0.0,0.0,1.826237581560037e+18,1.826237581560037e+18,"[{'indices': [0, 10], 'text': 'Trump2024'}, {'indices': [11, 44], 'text': 'BidenHarrisAdministrationFailure'}, {'indices': [45, 55], 'text': 'Democrats'}]",[],[],"{'count': '5', 'state': 'EnabledWithCount'}",False,,,,,,"{'id': 1449070686627115008, 'id_str': '1449070686627115008', 'url': 'https://twitter.com/Annette Botzum', 'username': 'Annette Botzum', 'rawDescription': '', 'created': datetime.datetime(2021, 10, 15, 17, 52, 38, tzinfo=datetime.timezone.utc), 'followersCount': 7, 'friendsCount': 63, 'statusesCount': 168, 'favouritesCount': 233, 'listedCount': 0, 'mediaCount': 8, 'location': 'Indiana, USA', 'profileImageUrl': 'https://pbs.twimg.com/profile_images/1813934916532408320/vmM-ayO3_normal.jpg', 'profileBannerUrl': 'PW', 'protected': 'PW', 'verified': False, 'blue': False, 'blueType': None, 'descriptionLinks': ['PW'], '_type': 'PW'}",,2024-08-21
31,tweet-,1.8262375810357496e+18,NanaManager1,All @MichelleObama did was LIE and tell you you have NO right to keep anyone out of YOUR country!!!!,https://twitter.com/NanaManager1/status/1826237581035749538,1724243943.0,[],False,,,1.8262375810357496e+18,en,All @MichelleObama did was LIE and tell you you have NO right to keep anyone out of YOUR country!!!!,0.0,0.0,0.0,0.0,1.8262375810357496e+18,1.8262375810357496e+18,[],"[{'id_str': '409486555', 'name': 'Michelle Obama', 'screen_name': 'MichelleObama', 'indices': [4, 18]}]",[],"{'count': '3', 'state': 'EnabledWithCount'}",True,,,,,,"{'id': 1437932372876476422, 'id_str': '1437932372876476422', 'url': 'https://twitter.com/NanaManager Ultra Maga', 'username': 'NanaManager Ultra Maga', 'rawDescription': 'I‚Äôm an America loving Patriot...hate the swamp, socialism, rinos. Maga driven. Love my Grandchildren and I‚Äôm going to fight so they can live in free America!', 'created': datetime.datetime(2021, 9, 15, 0, 13, 18, tzinfo=datetime.timezone.utc), 'followersCount': 1084, 'friendsCount': 1658, 'statusesCount': 59538, 'favouritesCount': 12566, 'listedCount': 3, 'mediaCount': 3499, 'location': 'Flagler Beach, FL', 'profileImageUrl': 'https://abs.twimg.com/sticky/default_profile_images/default_profile_normal.png', 'profileBannerUrl': 'PW', 'protected': 'PW', 'verified': False, 'blue': False, 'blueType': None, 'descriptionLinks': ['PW'], '_type': 'PW'}",,2024-08-21
32,tweet-,1.826237580876432e+18,msmart1616,@GOP https://t.co/RV1XyvmmGr,https://twitter.com/msmart1616/status/1826237580876431739,1724243943.0,"[{'display_url': 'pic.x.com/RV1XyvmmGr', 'expanded_url': 'https://x.com/msmart1616/status/1826237580876431739/photo/1', 'id_str': '1826237578707615744', 'indices': [5, 28], 'media_key': '3_1826237578707615744', 'media_url_https': 'https://pbs.twimg.com/media/GVgZZupWQAArdSt.jpg', 'type': 'photo', 'url': 'https://t.co/RV1XyvmmGr', 'ext_media_availability': {'status': 'Available'}, 'features': {'large': {'faces': []}, 'medium': {'faces': []}, 'small': {'faces': []}, 'orig': {'faces': []}}, 'sizes': {'large': {'h': 508, 'w': 583, 'resize': 'fit'}, 'medium': {'h': 508, 'w': 583, 'resize': 'fit'}, 'small': {'h': 508, 'w': 583, 'resize': 'fit'}, 'thumb': {'h': 150, 'w': 150, 'resize': 'crop'}}, 'original_info': {'height': 508, 'width': 583, 'focus_rects': [{'x': 0, 'y': 84, 'w': 583, 'h': 326}, {'x': 75, 'y': 0, 'w': 508, 'h': 508}, {'x': 112, 'y': 0, 'w': 446, 'h': 508}, {'x': 208, 'y': 0, 'w': 254, 'h': 508}, {'x': 0, 'y': 0, 'w': 583, 'h': 508}]}, 'allow_download_status': {'allow_download': True}, 'media_results': {'result': {'media_key': '3_1826237578707615744'}}}]",False,,,1.826237580876432e+18,qme,@GOP https://t.co/RV1XyvmmGr,0.0,0.0,0.0,0.0,1.8261147785797965e+18,1.8261147785797965e+18,[],"[{'id_str': '11134252', 'name': 'GOP', 'screen_name': 'GOP', 'indices': [0, 4]}]",[],"{'count': '1', 'state': 'EnabledWithCount'}",False,GOP,1.8261147785797965e+18,11134252.0,,,"{'id': 1704146088066707457, 'id_str': '1704146088066707457', 'url': 'https://twitter.com/Mary üá∫üá∏ ü¶Ö üá∫üá∏ Harris/Walz 2024 üíôüåäüíô', 'username': 'Mary üá∫üá∏ ü¶Ö üá∫üá∏ Harris/Walz 2024 üíôüåäüíô', 'rawDescription': 'True patriotism springs from a belief in the dignity of the individual, freedom and equality not only for Americans but for all people on earth. NO DM‚ÄôS EVER.', 'created': datetime.datetime(2023, 9, 19, 14, 52, 12, tzinfo=datetime.timezone.utc), 'followersCount': 5687, 'friendsCount': 5971, 'statusesCount': 22831, 'favouritesCount': 21107, 'listedCount': 0, 'mediaCount': 11397, 'location': 'Virginia, USA', 'profileImageUrl': 'https://pbs.twimg.com/profile_images/1823900847962488832/6ONBhGOb_normal.jpg', 'profileBannerUrl': 'PW', 'protected': 'PW', 'verified': False, 'blue': False, 'blueType': None, 'descriptionLinks': ['PW'], '_type': 'PW'}",,2024-08-21
33,tweet-,1.826237580310143e+18,DonaldTrump_4P,@PURE_BL00D2 @FLCons Little Hero ü¶∏‚Äç‚ôÇÔ∏è,https://twitter.com/DonaldTrump_4P/status/1826237580310143064,1724243943.0,[],False,,,1.826237580310143e+18,en,@PURE_BL00D2 @FLCons Little Hero ü¶∏‚Äç‚ôÇÔ∏è,1.0,0.0,0.0,0.0,1.826233063808127e+18,1.826233063808127e+18,[],"[{'id_str': '1445936757309120514', 'name': 'üí•‚öúÔ∏è S I G ‚öúÔ∏èüí•', 'screen_name': 'PURE_BL00D2', 'indices': [0, 12]}, {'id_str': '2176999141', 'name': 'Croxxed Out', 'screen_name': 'FLCons', 'indices': [13, 20]}]",[],"{'count': '15', 'state': 'EnabledWithCount'}",False,PURE_BL00D2,1.8262330638081272e+18,1.4459367573091205e+18,,,"{'id': 1776383391933313024, 'id_str': '1776383391933313024', 'url': 'https://twitter.com/Donald J. Trump üá∫üá∏ (Parody) ‚Ñ¢Ô∏è', 'username': 'Donald J. Trump üá∫üá∏ (Parody) ‚Ñ¢Ô∏è', 'rawDescription': '45th President of the United States of America üá∫üá∏ (Parody Account) Text TRUMP to 88022 or Send Tips', 'created': datetime.datetime(2024, 4, 5, 22, 56, 34, tzinfo=datetime.timezone.utc), 'followersCount': 368, 'friendsCount': 158, 'statusesCount': 3151, 'favouritesCount': 1350, 'listedCount': 0, 'mediaCount': 331, 'location': 'United States', 'profileImageUrl': 'https://pbs.twimg.com/profile_images/1833938776885747712/0H6lhyfb_normal.jpg', 'profileBannerUrl': 'PW', 'protected': 'PW', 'verified': False, 'blue': False, 'blueType': None, 'descriptionLinks': ['PW'], '_type': 'PW'}",,2024-08-21
34,tweet-,1.826237580221809e+18,DanCumberl77075,Democratic delegates approve platform with mistake mentioning Biden's second term https://t.co/cwQ6vKshEh,https://twitter.com/DanCumberl77075/status/1826237580221808690,1724243943.0,[],False,,,1.826237580221809e+18,en,Democratic delegates approve platform with mistake mentioning Biden's second term https://t.co/cwQ6vKshEh,0.0,0.0,0.0,0.0,1.826237580221809e+18,1.826237580221809e+18,[],[],"[{'display_url': 'foxnews.com/politics/democ‚Ä¶', 'expanded_url': 'https://www.foxnews.com/politics/democratic-delegates-approve-platform-mistake-mentioning-bidens-second-term', 'url': 'https://t.co/cwQ6vKshEh', 'indices': [82, 105]}]","{'count': '4', 'state': 'EnabledWithCount'}",False,,,,,,"{'id': 1667521216075137024, 'id_str': '1667521216075137024', 'url': 'https://twitter.com/Dan Cumberland', 'username': 'Dan Cumberland', 'rawDescription': 'High School graduate who worked hard to retire at 60.', 'created': datetime.datetime(2023, 6, 10, 13, 18, 46, tzinfo=datetime.timezone.utc), 'followersCount': 123, 'friendsCount': 236, 'statusesCount': 4024, 'favouritesCount': 1545, 'listedCount': 0, 'mediaCount': 289, 'location': 'Overland Park, KS', 'profileImageUrl': 'https://pbs.twimg.com/profile_images/1667949516190892039/BAwf-D-J_normal.jpg', 'profileBannerUrl': 'PW', 'protected': 'PW', 'verified': False, 'blue': True, 'blueType': None, 'descriptionLinks': ['PW'], '_type': 'PW'}",,2024-08-21
35,tweet-,1.8262375793747725e+18,BeeKay78047037,"His dirty fingers are all over getting Biden out, and gave Kamala all of Joes votes, cheater Obama",https://twitter.com/BeeKay78047037/status/1826237579374772429,1724243943.0,[],False,,,1.8262375793747725e+18,en,"His dirty fingers are all over getting Biden out, and gave Kamala all of Joes votes, cheater Obama",0.0,0.0,0.0,0.0,1.8262375793747725e+18,1.8262375793747725e+18,[],[],[],"{'count': '13', 'state': 'EnabledWithCount'}",True,,,,,,"{'id': 1083114792708128774, 'id_str': '1083114792708128774', 'url': 'https://twitter.com/BeeKay', 'username': 'BeeKay', 'rawDescription': 'Conceived in Liberty with a side of sarcasm üá∫üá∏üê∂üôèüèª', 'created': datetime.datetime(2019, 1, 9, 21, 34, 24, tzinfo=datetime.timezone.utc), 'followersCount': 1318, 'friendsCount': 4062, 'statusesCount': 11306, 'favouritesCount': 12810, 'listedCount': 2, 'mediaCount': 15, 'location': '', 'profileImageUrl': 'https://abs.twimg.com/sticky/default_profile_images/default_profile_normal.png', 'profileBannerUrl': 'PW', 'protected': 'PW', 'verified': False, 'blue': False, 'blueType': None, 'descriptionLinks': ['PW'], '_type': 'PW'}",,2024-08-21
